Time;Action;Type;Martingale;Price;Signal;Symbol;Type;Volume;PriceAction;ValueX;Price1;Price2;Comment;MagicID;Status;Ticket #
2019.03.20 20:04:39;Signal to open;buy;1;1312.180;BigCandle;XAUUSD;buy;0.10;1312.180;50;0.000;0.000;CP18.06.2021.21:03 #1;234;OK;2
2019.03.20 20:04:39;Signal to open;sell;1;1311.960;BigCandle;XAUUSD;sell;0.10;1311.960;50;0.000;0.000;CP18.06.2021.21:03 #1;234;OK;3
2019.06.20 04:03:24;Signal to open;buy;1;1380.880;BigCandle;XAUUSD;buy;0.10;1380.880;50;0.000;0.000;CP18.06.2021.21:03 #1;234;OK;6
2019.06.20 04:03:24;Signal to open;sell;1;1380.700;BigCandle;XAUUSD;sell;0.10;1380.700;50;0.000;0.000;CP18.06.2021.21:03 #1;234;OK;7
2019.07.01 01:00:01;Signal to open;buy;1;1388.940;BigCandle;XAUUSD;buy;0.10;1388.940;50;0.000;0.000;CP18.06.2021.21:03 #1;234;OK;10
2019.07.01 01:00:01;Signal to open;sell;1;1387.440;BigCandle;XAUUSD;sell;0.10;1387.440;50;0.000;0.000;CP18.06.2021.21:03 #1;234;OK;11
2019.07.01 03:45:00;Signal to open;sell;2;1395.010;;XAUUSD;sell;0.12;1395.010;50;0.000;0.000;CP18.06.2021.21:03 #2;234;OK;13
2019.07.05 15:31:07;Signal to open;buy;1;1404.030;BigCandle;XAUUSD;buy;0.10;1404.030;50;0.000;0.000;CP18.06.2021.21:03 #1;234;OK;16
2019.07.05 15:31:07;Signal to open;sell;1;1403.290;BigCandle;XAUUSD;sell;0.10;1403.290;50;0.000;0.000;CP18.06.2021.21:03 #1;234;OK;17
2019.07.05 16:55:00;Signal to open;buy;2;1388.590;;XAUUSD;buy;0.12;1388.590;50;0.000;0.000;CP18.06.2021.21:03 #2;234;OK;19
2019.07.10 15:31:12;Signal to open;buy;1;1402.430;BigCandle;XAUUSD;buy;0.10;1402.430;50;0.000;0.000;CP18.06.2021.21:03 #1;234;OK;22
2019.07.10 15:31:12;Signal to open;sell;1;1402.140;BigCandle;XAUUSD;sell;0.10;1402.140;50;0.000;0.000;CP18.06.2021.21:03 #1;234;OK;23
2019.07.10 17:40:05;Signal to open;sell;2;1410.400;;XAUUSD;sell;0.12;1410.400;50;0.000;0.000;CP18.06.2021.21:03 #2;234;OK;25
2019.07.10 22:20:00;Signal to open;sell;3;1416.750;;XAUUSD;sell;0.14;1416.750;50;0.000;0.000;CP18.06.2021.21:03 #3;234;OK;26
2019.07.11 03:20:00;Signal to open;sell;4;1425.210;;XAUUSD;sell;0.17;1425.210;50;0.000;0.000;CP18.06.2021.21:03 #4;234;OK;27
2019.07.31 21:00:15;Signal to open;buy;1;1421.180;BigCandle;XAUUSD;buy;0.10;1421.180;50;0.000;0.000;CP18.06.2021.21:03 #1;234;OK;32
2019.07.31 21:00:15;Signal to open;sell;1;1420.180;BigCandle;XAUUSD;sell;0.10;1420.180;50;0.000;0.000;CP18.06.2021.21:03 #1;234;OK;33
2019.08.02 15:31:15;Signal to open;buy;1;1442.040;BigCandle;XAUUSD;buy;0.10;1442.040;50;0.000;0.000;CP18.06.2021.21:03 #1;234;OK;36
2019.08.02 15:31:15;Signal to open;sell;1;1441.650;BigCandle;XAUUSD;sell;0.10;1441.650;50;0.000;0.000;CP18.06.2021.21:03 #1;234;OK;37
2019.08.12 21:43:36;Signal to open;buy;1;1517.910;BigCandle;XAUUSD;buy;0.10;1517.910;50;0.000;0.000;CP18.06.2021.21:03 #1;234;OK;40
2019.08.12 21:43:36;Signal to open;sell;1;1517.700;BigCandle;XAUUSD;sell;0.10;1517.700;50;0.000;0.000;CP18.06.2021.21:03 #1;234;OK;41
2019.08.12 23:40:00;Signal to open;buy;2;1512.250;;XAUUSD;buy;0.12;1512.250;50;0.000;0.000;CP18.06.2021.21:03 #2;234;OK;43
2019.08.13 16:49:17;Signal to open;buy;1;1504.250;BigCandle;XAUUSD;buy;0.10;1504.250;50;0.000;0.000;CP18.06.2021.21:03 #1;234;OK;46
2019.08.13 16:49:17;Signal to open;sell;1;1503.980;BigCandle;XAUUSD;sell;0.10;1503.980;50;0.000;0.000;CP18.06.2021.21:03 #1;234;OK;47
2019.08.26 10:02:22;Signal to open;buy;1;1527.320;BigCandle;XAUUSD;buy;0.10;1527.320;50;0.000;0.000;CP18.06.2021.21:03 #1;234;OK;50
2019.08.26 10:02:22;Signal to open;sell;1;1526.730;BigCandle;XAUUSD;sell;0.10;1526.730;50;0.000;0.000;CP18.06.2021.21:03 #1;234;OK;51
2019.09.05 17:22:45;Signal to open;buy;1;1508.170;BigCandle;XAUUSD;buy;0.10;1508.170;50;0.000;0.000;CP18.06.2021.21:03 #1;234;OK;54
2019.09.05 17:22:45;Signal to open;sell;1;1507.890;BigCandle;XAUUSD;sell;0.10;1507.890;50;0.000;0.000;CP18.06.2021.21:03 #1;234;OK;55
2019.09.05 19:20:00;Signal to open;sell;2;1517.830;;XAUUSD;sell;0.12;1517.830;50;0.000;0.000;CP18.06.2021.21:03 #2;234;OK;57
2019.09.06 15:32:04;Signal to open;buy;1;1515.730;BigCandle;XAUUSD;buy;0.10;1515.730;50;0.000;0.000;CP18.06.2021.21:03 #1;234;OK;60
2019.09.06 15:32:04;Signal to open;sell;1;1515.410;BigCandle;XAUUSD;sell;0.10;1515.410;50;0.000;0.000;CP18.06.2021.21:03 #1;234;OK;61
2019.09.18 21:00:20;Signal to open;buy;1;1498.630;BigCandle;XAUUSD;buy;0.10;1498.630;50;0.000;0.000;CP18.06.2021.21:03 #1;234;OK;64
2019.09.18 21:00:20;Signal to open;sell;1;1497.780;BigCandle;XAUUSD;sell;0.10;1497.780;50;0.000;0.000;CP18.06.2021.21:03 #1;234;OK;65
2019.10.01 17:02:45;Signal to open;buy;1;1474.280;BigCandle;XAUUSD;buy;0.10;1474.280;50;0.000;0.000;CP18.06.2021.21:03 #1;234;OK;68
2019.10.01 17:02:45;Signal to open;sell;1;1474.130;BigCandle;XAUUSD;sell;0.10;1474.130;50;0.000;0.000;CP18.06.2021.21:03 #1;234;OK;69
2019.10.03 17:01:25;Signal to open;buy;1;1511.240;BigCandle;XAUUSD;buy;0.10;1511.240;50;0.000;0.000;CP18.06.2021.21:03 #1;234;OK;72
2019.10.03 17:01:25;Signal to open;sell;1;1511.020;BigCandle;XAUUSD;sell;0.10;1511.020;50;0.000;0.000;CP18.06.2021.21:03 #1;234;OK;73
2019.10.04 15:30:10;Signal to open;buy;1;1506.380;BigCandle;XAUUSD;buy;0.10;1506.380;50;0.000;0.000;CP18.06.2021.21:03 #1;234;OK;76
2019.10.04 15:30:10;Signal to open;sell;1;1505.790;BigCandle;XAUUSD;sell;0.10;1505.790;50;0.000;0.000;CP18.06.2021.21:03 #1;234;OK;77
2019.12.06 15:30:06;Signal to open;buy;1;1468.140;BigCandle;XAUUSD;buy;0.10;1468.140;50;0.000;0.000;CP18.06.2021.21:03 #1;234;OK;80
2019.12.06 15:30:06;Signal to open;sell;1;1467.300;BigCandle;XAUUSD;sell;0.10;1467.300;50;0.000;0.000;CP18.06.2021.21:03 #1;234;OK;81
2020.01.06 01:01:09;Signal to open;buy;1;1570.760;BigCandle;XAUUSD;buy;0.10;1570.760;50;0.000;0.000;CP18.06.2021.21:03 #1;234;OK;84
2020.01.06 01:01:09;Signal to open;sell;1;1569.760;BigCandle;XAUUSD;sell;0.10;1569.760;50;0.000;0.000;CP18.06.2021.21:03 #1;234;OK;85
2020.01.08 01:23:52;Signal to open;buy;1;1590.540;BigCandle;XAUUSD;buy;0.10;1590.540;50;0.000;0.000;CP18.06.2021.21:03 #1;234;OK;88
2020.01.08 01:23:52;Signal to open;sell;1;1589.680;BigCandle;XAUUSD;sell;0.10;1589.680;50;0.000;0.000;CP18.06.2021.21:03 #1;234;OK;89
2020.01.08 18:38:48;Signal to open;buy;1;1559.460;BigCandle;XAUUSD;buy;0.10;1559.460;50;0.000;0.000;CP18.06.2021.21:03 #1;234;OK;92
2020.01.08 18:38:48;Signal to open;sell;1;1559.260;BigCandle;XAUUSD;sell;0.10;1559.260;50;0.000;0.000;CP18.06.2021.21:03 #1;234;OK;93
2020.01.09 08:38:56;Signal to open;buy;1;1541.730;BigCandle;XAUUSD;buy;0.10;1541.730;50;0.000;0.000;CP18.06.2021.21:03 #1;234;OK;96
2020.01.09 08:38:56;Signal to open;sell;1;1541.360;BigCandle;XAUUSD;sell;0.10;1541.360;50;0.000;0.000;CP18.06.2021.21:03 #1;234;OK;97
2020.01.09 12:15:00;Signal to open;sell;2;1546.420;;XAUUSD;sell;0.12;1546.420;50;0.000;0.000;CP18.06.2021.21:03 #2;234;OK;99
2020.01.09 14:55:00;Signal to open;sell;3;1556.370;;XAUUSD;sell;0.14;1556.370;50;0.000;0.000;CP18.06.2021.21:03 #3;234;OK;100
2020.02.24 01:00:02;Signal to open;buy;1;1655.020;BigCandle;XAUUSD;buy;0.10;1655.020;50;0.000;0.000;CP18.06.2021.21:03 #1;234;OK;104
2020.02.24 01:00:02;Signal to open;sell;1;1654.540;BigCandle;XAUUSD;sell;0.10;1654.540;50;0.000;0.000;CP18.06.2021.21:03 #1;234;OK;105
2020.02.25 22:48:24;Signal to open;buy;1;1636.460;BigCandle;XAUUSD;buy;0.10;1636.460;50;0.000;0.000;CP18.06.2021.21:03 #1;234;OK;108
2020.02.25 22:48:24;Signal to open;sell;1;1636.080;BigCandle;XAUUSD;sell;0.10;1636.080;50;0.000;0.000;CP18.06.2021.21:03 #1;234;OK;109
2020.02.27 18:06:34;Signal to open;buy;1;1642.430;BigCandle;XAUUSD;buy;0.10;1642.430;50;0.000;0.000;CP18.06.2021.21:03 #1;234;OK;112
2020.02.27 18:06:34;Signal to open;sell;1;1642.140;BigCandle;XAUUSD;sell;0.10;1642.140;50;0.000;0.000;CP18.06.2021.21:03 #1;234;OK;113
2020.02.28 17:34:34;Signal to open;buy;1;1596.150;BigCandle;XAUUSD;buy;0.10;1596.150;50;0.000;0.000;CP18.06.2021.21:03 #1;234;OK;116
2020.02.28 17:34:34;Signal to open;sell;1;1595.830;BigCandle;XAUUSD;sell;0.10;1595.830;50;0.000;0.000;CP18.06.2021.21:03 #1;234;OK;117
2020.02.28 20:28:56;Signal to open;buy;1;1565.400;BigCandle;XAUUSD;buy;0.10;1565.400;50;0.000;0.000;CP18.06.2021.21:03 #1;234;OK;120
2020.02.28 20:28:56;Signal to open;sell;1;1564.840;BigCandle;XAUUSD;sell;0.10;1564.840;50;0.000;0.000;CP18.06.2021.21:03 #1;234;OK;121
2020.02.28 21:50:00;Signal to open;sell;2;1591.290;;XAUUSD;sell;0.12;1591.290;50;0.000;0.000;CP18.06.2021.21:03 #2;234;OK;123
2020.03.02 01:04:26;Signal to open;buy;1;1583.900;BigCandle;XAUUSD;buy;0.10;1583.900;50;0.000;0.000;CP18.06.2021.21:03 #1;234;OK;126
2020.03.02 01:04:26;Signal to open;sell;1;1582.980;BigCandle;XAUUSD;sell;0.10;1582.980;50;0.000;0.000;CP18.06.2021.21:03 #1;234;OK;127
2020.03.02 01:14:04;Signal to open;sell;1;1576.370;BigCandle;XAUUSD;sell;0.10;1576.370;50;0.000;0.000;CP18.06.2021.21:03 #1;234;OK;130
2020.03.02 02:40:00;Signal to open;sell;2;1592.550;;XAUUSD;sell;0.12;1592.550;50;0.000;0.000;CP18.06.2021.21:03 #2;234;OK;131
2020.03.02 06:45:00;Signal to open;sell;3;1602.550;;XAUUSD;sell;0.14;1602.550;50;0.000;0.000;CP18.06.2021.21:03 #3;234;OK;132
2020.03.03 17:01:10;Signal to open;buy;1;1617.280;BigCandle;XAUUSD;buy;0.10;1617.280;50;0.000;0.000;CP18.06.2021.21:03 #1;234;OK;136
2020.03.03 17:01:10;Signal to open;sell;1;1616.780;BigCandle;XAUUSD;sell;0.10;1616.780;50;0.000;0.000;CP18.06.2021.21:03 #1;234;OK;137
2020.03.03 21:12:48;Signal to open;buy;1;1632.280;BigCandle;XAUUSD;buy;0.11;1632.280;50;0.000;0.000;CP18.06.2021.21:03 #1;234;OK;140
2020.03.03 21:12:48;Signal to open;sell;1;1631.950;BigCandle;XAUUSD;sell;0.11;1631.950;50;0.000;0.000;CP18.06.2021.21:03 #1;234;OK;141
2020.03.04 01:00:00;Signal to open;sell;2;1639.840;;XAUUSD;sell;0.13;1639.840;50;0.000;0.000;CP18.06.2021.21:03 #2;234;OK;143
2020.03.06 15:29:13;Signal to open;buy;1;1677.280;BigCandle;XAUUSD;buy;0.11;1677.280;50;0.000;0.000;CP18.06.2021.21:03 #1;234;OK;146
2020.03.06 15:29:13;Signal to open;sell;1;1676.280;BigCandle;XAUUSD;sell;0.11;1676.280;50;0.000;0.000;CP18.06.2021.21:03 #1;234;OK;147
2020.03.06 15:34:34;Signal to open;sell;1;1673.370;BigCandle;XAUUSD;sell;0.11;1673.370;50;0.000;0.000;CP18.06.2021.21:03 #1;234;OK;150
2020.03.06 22:19:57;Signal to open;buy;1;1676.310;BigCandle;XAUUSD;buy;0.11;1676.310;50;0.000;0.000;CP18.06.2021.21:03 #1;234;OK;152
2020.03.06 22:19:57;Signal to open;sell;1;1675.820;BigCandle;XAUUSD;sell;0.11;1675.820;50;0.000;0.000;CP18.06.2021.21:03 #1;234;OK;153
2020.03.09 07:14:39;Signal to open;buy;1;1677.430;BigCandle;XAUUSD;buy;0.11;1677.430;50;0.000;0.000;CP18.06.2021.21:03 #1;234;OK;156
2020.03.09 07:14:39;Signal to open;sell;1;1676.900;BigCandle;XAUUSD;sell;0.11;1676.900;50;0.000;0.000;CP18.06.2021.21:03 #1;234;OK;157
2020.03.09 11:05:55;Signal to open;buy;1;1663.940;BigCandle;XAUUSD;buy;0.11;1663.940;50;0.000;0.000;CP18.06.2021.21:03 #1;234;OK;160
2020.03.09 11:05:55;Signal to open;sell;1;1663.560;BigCandle;XAUUSD;sell;0.11;1663.560;50;0.000;0.000;CP18.06.2021.21:03 #1;234;OK;161
2020.03.09 13:20:01;Signal to open;sell;2;1679.530;;XAUUSD;sell;0.13;1679.530;50;0.000;0.000;CP18.06.2021.21:03 #2;234;OK;163
2020.03.11 21:24:03;Signal to open;buy;1;1645.950;BigCandle;XAUUSD;buy;0.11;1645.950;50;0.000;0.000;CP18.06.2021.21:03 #1;234;OK;166
2020.03.11 21:24:03;Signal to open;sell;1;1645.640;BigCandle;XAUUSD;sell;0.11;1645.640;50;0.000;0.000;CP18.06.2021.21:03 #1;234;OK;167
2020.03.12 14:02:45;Signal to open;buy;1;1620.630;BigCandle;XAUUSD;buy;0.11;1620.630;50;0.000;0.000;CP18.06.2021.21:03 #1;234;OK;170
2020.03.12 14:02:45;Signal to open;sell;1;1619.630;BigCandle;XAUUSD;sell;0.11;1619.630;50;0.000;0.000;CP18.06.2021.21:03 #1;234;OK;171
2020.03.12 15:34:56;Signal to open;buy;1;1601.130;BigCandle;XAUUSD;buy;0.11;1601.130;50;0.000;0.000;CP18.06.2021.21:03 #1;234;OK;174
2020.03.12 15:34:56;Signal to open;sell;1;1600.670;BigCandle;XAUUSD;sell;0.11;1600.670;50;0.000;0.000;CP18.06.2021.21:03 #1;234;OK;175
2020.03.12 17:09:58;Signal to open;buy;1;1573.020;BigCandle;XAUUSD;buy;0.11;1573.020;50;0.000;0.000;CP18.06.2021.21:03 #1;234;OK;178
2020.03.12 17:09:58;Signal to open;sell;1;1572.610;BigCandle;XAUUSD;sell;0.11;1572.610;50;0.000;0.000;CP18.06.2021.21:03 #1;234;OK;179
2020.03.12 18:58:07;Signal to open;buy;1;1592.750;BigCandle;XAUUSD;buy;0.11;1592.750;50;0.000;0.000;CP18.06.2021.21:03 #1;234;OK;182
2020.03.12 18:58:07;Signal to open;sell;1;1592.300;BigCandle;XAUUSD;sell;0.11;1592.300;50;0.000;0.000;CP18.06.2021.21:03 #1;234;OK;183
2020.03.13 06:39:25;Signal to open;buy;1;1579.330;BigCandle;XAUUSD;buy;0.11;1579.330;50;0.000;0.000;CP18.06.2021.21:03 #1;234;OK;186
2020.03.13 06:39:25;Signal to open;sell;1;1578.900;BigCandle;XAUUSD;sell;0.11;1578.900;50;0.000;0.000;CP18.06.2021.21:03 #1;234;OK;187
2020.03.13 15:58:41;Signal to open;buy;1;1568.650;BigCandle;XAUUSD;buy;0.11;1568.650;50;0.000;0.000;CP18.06.2021.21:03 #1;234;OK;190
2020.03.13 15:58:41;Signal to open;sell;1;1568.220;BigCandle;XAUUSD;sell;0.11;1568.220;50;0.000;0.000;CP18.06.2021.21:03 #1;234;OK;191
2020.03.13 17:43:43;Signal to open;buy;1;1546.910;BigCandle;XAUUSD;buy;0.11;1546.910;50;0.000;0.000;CP18.06.2021.21:03 #1;234;OK;194
2020.03.13 17:43:43;Signal to open;sell;1;1546.250;BigCandle;XAUUSD;sell;0.11;1546.250;50;0.000;0.000;CP18.06.2021.21:03 #1;234;OK;195
2020.03.13 18:29:43;Signal to open;buy;1;1531.750;BigCandle;XAUUSD;buy;0.11;1531.750;50;0.000;0.000;CP18.06.2021.21:03 #1;234;OK;198
2020.03.13 18:29:43;Signal to open;sell;1;1531.270;BigCandle;XAUUSD;sell;0.11;1531.270;50;0.000;0.000;CP18.06.2021.21:03 #1;234;OK;199
2020.03.13 21:01:37;Signal to open;buy;1;1521.610;BigCandle;XAUUSD;buy;0.11;1521.610;50;0.000;0.000;CP18.06.2021.21:03 #1;234;OK;202
2020.03.13 21:01:37;Signal to open;sell;1;1521.060;BigCandle;XAUUSD;sell;0.11;1521.060;50;0.000;0.000;CP18.06.2021.21:03 #1;234;OK;203
2020.03.13 21:49:14;Signal to open;buy;1;1513.040;BigCandle;XAUUSD;buy;0.11;1513.040;50;0.000;0.000;CP18.06.2021.21:03 #1;234;OK;206
2020.03.13 21:49:14;Signal to open;sell;1;1512.430;BigCandle;XAUUSD;sell;0.11;1512.430;50;0.000;0.000;CP18.06.2021.21:03 #1;234;OK;207
2020.03.16 01:20:00;Signal to open;sell;2;1555.630;;XAUUSD;sell;0.13;1555.630;50;0.000;0.000;CP18.06.2021.21:03 #2;234;OK;209
2020.03.16 03:04:53;Signal to open;buy;1;1535.780;BigCandle;XAUUSD;buy;0.11;1535.780;50;0.000;0.000;CP18.06.2021.21:03 #1;234;OK;212
2020.03.16 11:33:59;Signal to open;buy;1;1523.180;BigCandle;XAUUSD;buy;0.11;1523.180;50;0.000;0.000;CP18.06.2021.21:03 #1;234;OK;214
2020.03.16 11:33:59;Signal to open;sell;1;1522.200;BigCandle;XAUUSD;sell;0.11;1522.200;50;0.000;0.000;CP18.06.2021.21:03 #1;234;OK;215
2020.03.16 12:23:26;Signal to open;buy;1;1511.150;BigCandle;XAUUSD;buy;0.11;1511.150;50;0.000;0.000;CP18.06.2021.21:03 #1;234;OK;218
2020.03.16 12:23:26;Signal to open;sell;1;1510.150;BigCandle;XAUUSD;sell;0.11;1510.150;50;0.000;0.000;CP18.06.2021.21:03 #1;234;OK;219
2020.03.16 13:34:22;Signal to open;buy;1;1469.140;BigCandle;XAUUSD;buy;0.12;1469.140;50;0.000;0.000;CP18.06.2021.21:03 #1;234;OK;222
2020.03.16 13:34:22;Signal to open;sell;1;1468.490;BigCandle;XAUUSD;sell;0.12;1468.490;50;0.000;0.000;CP18.06.2021.21:03 #1;234;OK;223
2020.03.16 13:38:44;Signal to open;sell;1;1461.370;BigCandle;XAUUSD;sell;0.12;1461.370;50;0.000;0.000;CP18.06.2021.21:03 #1;234;OK;226
2020.03.16 15:47:22;Signal to open;buy;1;1462.400;BigCandle;XAUUSD;buy;0.12;1462.400;50;0.000;0.000;CP18.06.2021.21:03 #1;234;OK;228
2020.03.16 15:47:22;Signal to open;sell;1;1461.840;BigCandle;XAUUSD;sell;0.12;1461.840;50;0.000;0.000;CP18.06.2021.21:03 #1;234;OK;229
2020.03.16 16:53:00;Signal to open;buy;1;1490.790;BigCandle;XAUUSD;buy;0.12;1490.790;50;0.000;0.000;CP18.06.2021.21:03 #1;234;OK;232
2020.03.16 16:53:00;Signal to open;sell;1;1490.260;BigCandle;XAUUSD;sell;0.12;1490.260;50;0.000;0.000;CP18.06.2021.21:03 #1;234;OK;233
2020.03.16 17:48:37;Signal to open;sell;1;1501.300;BigCandle;XAUUSD;sell;0.12;1501.300;50;0.000;0.000;CP18.06.2021.21:03 #1;234;OK;236
2020.03.16 18:08:20;Signal to open;buy;1;1500.640;BigCandle;XAUUSD;buy;0.12;1500.640;50;0.000;0.000;CP18.06.2021.21:03 #1;234;OK;238
2020.03.16 18:21:30;Signal to open;buy;1;1512.120;BigCandle;XAUUSD;buy;0.12;1512.120;50;0.000;0.000;CP18.06.2021.21:03 #1;234;OK;240
2020.03.16 18:21:30;Signal to open;sell;1;1511.570;BigCandle;XAUUSD;sell;0.12;1511.570;50;0.000;0.000;CP18.06.2021.21:03 #1;234;OK;241
2020.03.16 19:19:44;Signal to open;buy;1;1497.840;BigCandle;XAUUSD;buy;0.12;1497.840;50;0.000;0.000;CP18.06.2021.21:03 #1;234;OK;244
2020.03.16 19:19:44;Signal to open;sell;1;1497.120;BigCandle;XAUUSD;sell;0.12;1497.120;50;0.000;0.000;CP18.06.2021.21:03 #1;234;OK;245
2020.03.16 19:29:00;Signal to open;buy;1;1490.180;BigCandle;XAUUSD;buy;0.12;1490.180;50;0.000;0.000;CP18.06.2021.21:03 #1;234;OK;248
2020.03.16 19:29:00;Signal to open;sell;1;1489.740;BigCandle;XAUUSD;sell;0.12;1489.740;50;0.000;0.000;CP18.06.2021.21:03 #1;234;OK;249
2020.03.16 20:34:56;Signal to open;buy;1;1501.840;BigCandle;XAUUSD;buy;0.12;1501.840;50;0.000;0.000;CP18.06.2021.21:03 #1;234;OK;252
2020.03.16 20:34:56;Signal to open;sell;1;1501.330;BigCandle;XAUUSD;sell;0.12;1501.330;50;0.000;0.000;CP18.06.2021.21:03 #1;234;OK;253
2020.03.16 21:38:30;Signal to open;buy;1;1489.820;BigCandle;XAUUSD;buy;0.12;1489.820;50;0.000;0.000;CP18.06.2021.21:03 #1;234;OK;256
2020.03.16 21:38:30;Signal to open;sell;1;1489.010;BigCandle;XAUUSD;sell;0.12;1489.010;50;0.000;0.000;CP18.06.2021.21:03 #1;234;OK;257
2020.03.17 01:15:00;Signal to open;sell;2;1514.650;;XAUUSD;sell;0.14;1514.650;50;0.000;0.000;CP18.06.2021.21:03 #2;234;OK;259
2020.03.17 03:07:02;Signal to open;buy;1;1500.040;BigCandle;XAUUSD;buy;0.12;1500.040;50;0.000;0.000;CP18.06.2021.21:03 #1;234;OK;262
2020.03.17 03:58:15;Signal to open;buy;1;1492.390;BigCandle;XAUUSD;buy;0.12;1492.390;50;0.000;0.000;CP18.06.2021.21:03 #1;234;OK;264
2020.03.17 03:58:15;Signal to open;sell;1;1491.440;BigCandle;XAUUSD;sell;0.12;1491.440;50;0.000;0.000;CP18.06.2021.21:03 #1;234;OK;265
2020.03.17 11:33:26;Signal to open;buy;1;1475.560;BigCandle;XAUUSD;buy;0.12;1475.560;50;0.000;0.000;CP18.06.2021.21:03 #1;234;OK;268
2020.03.17 11:33:26;Signal to open;sell;1;1474.560;BigCandle;XAUUSD;sell;0.12;1474.560;50;0.000;0.000;CP18.06.2021.21:03 #1;234;OK;269
2020.03.17 15:32:15;Signal to open;buy;1;1499.370;BigCandle;XAUUSD;buy;0.12;1499.370;50;0.000;0.000;CP18.06.2021.21:03 #1;234;OK;272
2020.03.17 15:32:15;Signal to open;sell;1;1498.960;BigCandle;XAUUSD;sell;0.12;1498.960;50;0.000;0.000;CP18.06.2021.21:03 #1;234;OK;273
2020.03.17 17:29:40;Signal to open;sell;1;1529.750;BigCandle;XAUUSD;sell;0.13;1529.750;50;0.000;0.000;CP18.06.2021.21:03 #1;234;OK;276
2020.03.18 07:52:16;Signal to open;buy;1;1513.370;BigCandle;XAUUSD;buy;0.13;1513.370;50;0.000;0.000;CP18.06.2021.21:03 #1;234;OK;278
2020.03.18 07:52:16;Signal to open;sell;1;1512.600;BigCandle;XAUUSD;sell;0.13;1512.600;50;0.000;0.000;CP18.06.2021.21:03 #1;234;OK;279
2020.03.18 09:43:16;Signal to open;buy;1;1497.100;BigCandle;XAUUSD;buy;0.13;1497.100;50;0.000;0.000;CP18.06.2021.21:03 #1;234;OK;282
2020.03.18 09:43:16;Signal to open;sell;1;1496.140;BigCandle;XAUUSD;sell;0.13;1496.140;50;0.000;0.000;CP18.06.2021.21:03 #1;234;OK;283
2020.03.18 12:13:10;Signal to open;buy;1;1509.310;BigCandle;XAUUSD;buy;0.13;1509.310;50;0.000;0.000;CP18.06.2021.21:03 #1;234;OK;286
2020.03.18 12:13:10;Signal to open;sell;1;1508.410;BigCandle;XAUUSD;sell;0.13;1508.410;50;0.000;0.000;CP18.06.2021.21:03 #1;234;OK;287
2020.03.18 12:59:30;Signal to open;buy;1;1495.580;BigCandle;XAUUSD;buy;0.13;1495.580;50;0.000;0.000;CP18.06.2021.21:03 #1;234;OK;290
2020.03.18 12:59:30;Signal to open;sell;1;1494.580;BigCandle;XAUUSD;sell;0.13;1494.580;50;0.000;0.000;CP18.06.2021.21:03 #1;234;OK;291
2020.03.18 14:21:29;Signal to open;buy;1;1504.030;BigCandle;XAUUSD;buy;0.13;1504.030;50;0.000;0.000;CP18.06.2021.21:03 #1;234;OK;294
2020.03.18 14:21:29;Signal to open;sell;1;1503.340;BigCandle;XAUUSD;sell;0.13;1503.340;50;0.000;0.000;CP18.06.2021.21:03 #1;234;OK;295
2020.03.18 15:32:42;Signal to open;buy;1;1502.110;BigCandle;XAUUSD;buy;0.13;1502.110;50;0.000;0.000;CP18.06.2021.21:03 #1;234;OK;298
2020.03.18 15:32:42;Signal to open;sell;1;1501.160;BigCandle;XAUUSD;sell;0.13;1501.160;50;0.000;0.000;CP18.06.2021.21:03 #1;234;OK;299
2020.03.18 19:26:53;Signal to open;buy;1;1477.790;BigCandle;XAUUSD;buy;0.13;1477.790;50;0.000;0.000;CP18.06.2021.21:03 #1;234;OK;302
2020.03.18 19:26:53;Signal to open;sell;1;1476.880;BigCandle;XAUUSD;sell;0.13;1476.880;50;0.000;0.000;CP18.06.2021.21:03 #1;234;OK;303
2020.03.19 01:45:00;Signal to open;sell;2;1493.240;;XAUUSD;sell;0.15;1493.240;50;0.000;0.000;CP18.06.2021.21:03 #2;234;OK;305
2020.03.19 16:49:34;Signal to open;buy;1;1482.200;BigCandle;XAUUSD;buy;0.13;1482.200;50;0.000;0.000;CP18.06.2021.21:03 #1;234;OK;308
2020.03.19 16:49:34;Signal to open;sell;1;1481.590;BigCandle;XAUUSD;sell;0.13;1481.590;50;0.000;0.000;CP18.06.2021.21:03 #1;234;OK;309
2020.03.19 21:59:14;Signal to open;buy;1;1468.140;BigCandle;XAUUSD;buy;0.13;1468.140;50;0.000;0.000;CP18.06.2021.21:03 #1;234;OK;312
2020.03.19 21:59:14;Signal to open;sell;1;1467.360;BigCandle;XAUUSD;sell;0.13;1467.360;50;0.000;0.000;CP18.06.2021.21:03 #1;234;OK;313
2020.03.23 14:04:26;Signal to open;buy;1;1504.770;BigCandle;XAUUSD;buy;0.13;1504.770;50;0.000;0.000;CP18.06.2021.21:03 #1;234;OK;316
2020.03.23 14:04:26;Signal to open;sell;1;1504.450;BigCandle;XAUUSD;sell;0.13;1504.450;50;0.000;0.000;CP18.06.2021.21:03 #1;234;OK;317
2020.03.24 10:08:20;Signal to open;buy;1;1584.570;BigCandle;XAUUSD;buy;0.13;1584.570;50;0.000;0.000;CP18.06.2021.21:03 #1;234;OK;320
2020.03.24 10:08:20;Signal to open;sell;1;1583.570;BigCandle;XAUUSD;sell;0.13;1583.570;50;0.000;0.000;CP18.06.2021.21:03 #1;234;OK;321
2020.03.24 11:07:27;Signal to open;buy;1;1593.940;BigCandle;XAUUSD;buy;0.13;1593.940;50;0.000;0.000;CP18.06.2021.21:03 #1;234;OK;324
2020.03.24 11:07:27;Signal to open;sell;1;1586.940;BigCandle;XAUUSD;sell;0.13;1586.940;50;0.000;0.000;CP18.06.2021.21:03 #1;234;OK;325
2020.03.24 12:38:48;Signal to open;buy;1;1610.080;BigCandle;XAUUSD;buy;0.13;1610.080;50;0.000;0.000;CP18.06.2021.21:03 #1;234;OK;328
2020.03.24 12:38:48;Signal to open;sell;1;1603.080;BigCandle;XAUUSD;sell;0.13;1603.080;50;0.000;0.000;CP18.06.2021.21:03 #1;234;OK;329
2020.03.24 17:38:58;Signal to open;sell;1;1613.100;BigCandle;XAUUSD;sell;0.13;1613.100;50;0.000;0.000;CP18.06.2021.21:03 #1;234;OK;332
2020.03.25 11:53:50;Signal to open;buy;1;1631.360;BigCandle;XAUUSD;buy;0.13;1631.360;50;0.000;0.000;CP18.06.2021.21:03 #1;234;OK;334
2020.03.25 11:53:50;Signal to open;sell;1;1624.360;BigCandle;XAUUSD;sell;0.13;1624.360;50;0.000;0.000;CP18.06.2021.21:03 #1;234;OK;335
2020.03.25 19:05:00;Signal to open;buy;2;1614.770;;XAUUSD;buy;0.15;1614.770;50;0.000;0.000;CP18.06.2021.21:03 #2;234;OK;337
2020.03.26 06:01:03;Signal to open;buy;3;1607.164;;XAUUSD;buy;0.18;1607.164;50;0.000;0.000;CP18.06.2021.21:03 #3;234;OK;338
2020.03.26 15:38:05;Signal to open;buy;1;1628.442;BigCandle;XAUUSD;buy;0.13;1628.442;50;0.000;0.000;CP18.06.2021.21:03 #1;234;OK;342
2020.03.26 15:38:05;Signal to open;sell;1;1627.402;BigCandle;XAUUSD;sell;0.13;1627.402;50;0.000;0.000;CP18.06.2021.21:03 #1;234;OK;343
2020.03.26 20:29:42;Signal to open;buy;1;1626.050;BigCandle;XAUUSD;buy;0.13;1626.050;50;0.000;0.000;CP18.06.2021.21:03 #1;234;OK;346
2020.03.26 20:29:42;Signal to open;sell;1;1623.730;BigCandle;XAUUSD;sell;0.13;1623.730;50;0.000;0.000;CP18.06.2021.21:03 #1;234;OK;347
2020.03.27 13:39:47;Signal to open;buy;1;1618.950;BigCandle;XAUUSD;buy;0.13;1618.950;50;0.000;0.000;CP18.06.2021.21:03 #1;234;OK;350
2020.03.27 13:39:47;Signal to open;sell;1;1613.940;BigCandle;XAUUSD;sell;0.13;1613.940;50;0.000;0.000;CP18.06.2021.21:03 #1;234;OK;351
2020.03.27 18:40:01;Signal to open;sell;2;1627.640;;XAUUSD;sell;0.15;1627.640;50;0.000;0.000;CP18.06.2021.21:03 #2;234;OK;353
2020.03.30 01:06:12;Signal to open;buy;1;1620.450;BigCandle;XAUUSD;buy;0.13;1620.450;50;0.000;0.000;CP18.06.2021.21:03 #1;234;OK;356
2020.03.30 06:47:12;Signal to open;buy;1;1611.500;BigCandle;XAUUSD;buy;0.13;1611.500;50;0.000;0.000;CP18.06.2021.21:03 #1;234;OK;358
2020.03.30 06:47:12;Signal to open;sell;1;1607.480;BigCandle;XAUUSD;sell;0.13;1607.480;50;0.000;0.000;CP18.06.2021.21:03 #1;234;OK;359
2020.03.30 08:00:02;Signal to open;sell;2;1614.680;;XAUUSD;sell;0.15;1614.680;50;0.000;0.000;CP18.06.2021.21:03 #2;234;OK;361
2020.03.30 14:35:00;Signal to open;sell;3;1626.690;;XAUUSD;sell;0.18;1626.690;50;0.000;0.000;CP18.06.2021.21:03 #3;234;OK;362
2020.03.31 11:44:02;Signal to open;buy;1;1606.380;BigCandle;XAUUSD;buy;0.13;1606.380;50;0.000;0.000;CP18.06.2021.21:03 #1;234;OK;366
2020.03.31 11:44:02;Signal to open;sell;1;1604.770;BigCandle;XAUUSD;sell;0.13;1604.770;50;0.000;0.000;CP18.06.2021.21:03 #1;234;OK;367
2020.03.31 20:29:09;Signal to open;buy;1;1584.680;BigCandle;XAUUSD;buy;0.13;1584.680;50;0.000;0.000;CP18.06.2021.21:03 #1;234;OK;370
2020.03.31 20:29:09;Signal to open;sell;1;1583.360;BigCandle;XAUUSD;sell;0.13;1583.360;50;0.000;0.000;CP18.06.2021.21:03 #1;234;OK;371
2020.04.01 01:00:00;Signal to open;buy;1;1577.920;BigCandle;XAUUSD;buy;0.13;1577.920;50;0.000;0.000;CP18.06.2021.21:03 #1;234;OK;374
2020.04.01 01:00:00;Signal to open;sell;1;1573.680;BigCandle;XAUUSD;sell;0.13;1573.680;50;0.000;0.000;CP18.06.2021.21:03 #1;234;OK;375
2020.04.07 02:28:06;Signal to open;buy;1;1675.850;BigCandle;XAUUSD;buy;0.13;1675.850;50;0.000;0.000;CP18.06.2021.21:03 #1;234;OK;378
2020.04.07 02:28:06;Signal to open;sell;1;1674.950;BigCandle;XAUUSD;sell;0.13;1674.950;50;0.000;0.000;CP18.06.2021.21:03 #1;234;OK;379
2020.04.07 04:06:10;Signal to open;buy;2;1660.300;;XAUUSD;buy;0.15;1660.300;50;0.000;0.000;CP18.06.2021.21:03 #2;234;OK;381
2020.04.08 01:35:12;Signal to open;buy;3;1649.210;;XAUUSD;buy;0.18;1649.210;50;0.000;0.000;CP18.06.2021.21:03 #3;234;OK;382
2020.04.13 01:03:24;Signal to open;buy;1;1681.430;BigCandle;XAUUSD;buy;0.13;1681.430;50;0.000;0.000;CP18.06.2021.21:03 #1;234;OK;386
2020.04.13 01:03:24;Signal to open;sell;1;1674.960;BigCandle;XAUUSD;sell;0.13;1674.960;50;0.000;0.000;CP18.06.2021.21:03 #1;234;OK;387
2020.04.13 03:10:00;Signal to open;sell;2;1687.750;;XAUUSD;sell;0.15;1687.750;50;0.000;0.000;CP18.06.2021.21:03 #2;234;OK;389
2020.04.17 01:01:57;Signal to open;buy;1;1714.340;BigCandle;XAUUSD;buy;0.13;1714.340;50;0.000;0.000;CP18.06.2021.21:03 #1;234;OK;392
2020.04.17 01:01:57;Signal to open;sell;1;1709.980;BigCandle;XAUUSD;sell;0.13;1709.980;50;0.000;0.000;CP18.06.2021.21:03 #1;234;OK;393
2020.04.17 08:58:51;Signal to open;buy;1;1695.130;BigCandle;XAUUSD;buy;0.13;1695.130;50;0.000;0.000;CP18.06.2021.21:03 #1;234;OK;396
2020.04.17 08:58:51;Signal to open;sell;1;1692.960;BigCandle;XAUUSD;sell;0.13;1692.960;50;0.000;0.000;CP18.06.2021.21:03 #1;234;OK;397
2020.04.21 12:21:39;Signal to open;buy;1;1679.290;BigCandle;XAUUSD;buy;0.13;1679.290;50;0.000;0.000;CP18.06.2021.21:03 #1;234;OK;400
2020.04.21 12:21:39;Signal to open;sell;1;1677.750;BigCandle;XAUUSD;sell;0.13;1677.750;50;0.000;0.000;CP18.06.2021.21:03 #1;234;OK;401
2020.04.21 14:18:00;Signal to open;buy;1;1666.560;BigCandle;XAUUSD;buy;0.13;1666.560;50;0.000;0.000;CP18.06.2021.21:03 #1;234;OK;404
2020.04.21 14:18:00;Signal to open;sell;1;1665.060;BigCandle;XAUUSD;sell;0.13;1665.060;50;0.000;0.000;CP18.06.2021.21:03 #1;234;OK;405
2020.04.21 17:23:07;Signal to open;buy;1;1692.890;BigCandle;XAUUSD;buy;0.13;1692.890;50;0.000;0.000;CP18.06.2021.21:03 #1;234;OK;408
2020.04.21 17:23:07;Signal to open;sell;1;1691.390;BigCandle;XAUUSD;sell;0.13;1691.390;50;0.000;0.000;CP18.06.2021.21:03 #1;234;OK;409
2020.04.21 19:48:09;Signal to open;buy;2;1673.210;;XAUUSD;buy;0.15;1673.210;50;0.000;0.000;CP18.06.2021.21:03 #2;234;OK;411
2020.04.24 17:02:45;Signal to open;buy;1;1719.360;BigCandle;XAUUSD;buy;0.13;1719.360;50;0.000;0.000;CP18.06.2021.21:03 #1;234;OK;414
2020.04.24 17:02:45;Signal to open;sell;1;1718.340;BigCandle;XAUUSD;sell;0.13;1718.340;50;0.000;0.000;CP18.06.2021.21:03 #1;234;OK;415
2020.04.30 15:42:47;Signal to open;buy;1;1700.730;BigCandle;XAUUSD;buy;0.13;1700.730;50;0.000;0.000;CP18.06.2021.21:03 #1;234;OK;418
2020.04.30 15:42:47;Signal to open;sell;1;1699.130;BigCandle;XAUUSD;sell;0.13;1699.130;50;0.000;0.000;CP18.06.2021.21:03 #1;234;OK;419
2020.05.01 01:00:00;Signal to open;buy;1;1692.900;BigCandle;XAUUSD;buy;0.14;1692.900;50;0.000;0.000;CP18.06.2021.21:03 #1;234;OK;422
2020.05.01 01:00:00;Signal to open;sell;1;1692.600;BigCandle;XAUUSD;sell;0.14;1692.600;50;0.000;0.000;CP18.06.2021.21:03 #1;234;OK;423
2020.05.01 02:45:01;Signal to open;buy;2;1688.260;;XAUUSD;buy;0.16;1688.260;50;0.000;0.000;CP18.06.2021.21:03 #2;234;OK;425
2020.05.01 08:55:04;Signal to open;buy;3;1675.910;;XAUUSD;buy;0.20;1675.910;50;0.000;0.000;CP18.06.2021.21:03 #3;234;OK;426
2020.05.05 11:06:59;Signal to open;buy;1;1710.300;BigCandle;XAUUSD;buy;0.14;1710.300;50;0.000;0.000;CP18.06.2021.21:03 #1;234;OK;430
2020.05.05 11:06:59;Signal to open;sell;1;1708.420;BigCandle;XAUUSD;sell;0.14;1708.420;50;0.000;0.000;CP18.06.2021.21:03 #1;234;OK;431
2020.05.05 12:30:00;Signal to open;buy;2;1698.070;;XAUUSD;buy;0.16;1698.070;50;0.000;0.000;CP18.06.2021.21:03 #2;234;OK;433
2020.05.13 16:22:18;Signal to open;buy;1;1706.380;BigCandle;XAUUSD;buy;0.14;1706.380;50;0.000;0.000;CP18.06.2021.21:03 #1;234;OK;436
2020.05.13 16:22:18;Signal to open;sell;1;1705.950;BigCandle;XAUUSD;sell;0.14;1705.950;50;0.000;0.000;CP18.06.2021.21:03 #1;234;OK;437
2020.05.13 22:05:00;Signal to open;sell;2;1715.170;;XAUUSD;sell;0.16;1715.170;50;0.000;0.000;CP18.06.2021.21:03 #2;234;OK;439
2020.05.14 18:00:00;Signal to open;sell;3;1731.800;;XAUUSD;sell;0.20;1731.800;50;0.000;0.000;CP18.06.2021.21:03 #3;234;OK;440
2020.05.15 19:20:00;Signal to open;sell;4;1749.070;;XAUUSD;sell;0.24;1749.070;50;0.000;0.000;CP18.06.2021.21:03 #4;234;OK;441
2020.05.18 07:35:05;Signal to open;sell;5;1760.560;;XAUUSD;sell;0.29;1760.560;50;0.000;0.000;CP18.06.2021.21:03 #5;234;OK;442
2020.06.01 01:01:12;Signal to open;buy;1;1737.640;BigCandle;XAUUSD;buy;0.15;1737.640;50;0.000;0.000;CP18.06.2021.21:03 #1;234;OK;448
2020.06.01 01:01:12;Signal to open;sell;1;1732.640;BigCandle;XAUUSD;sell;0.15;1732.640;50;0.000;0.000;CP18.06.2021.21:03 #1;234;OK;449
2020.06.01 02:25:03;Signal to open;sell;2;1739.550;;XAUUSD;sell;0.18;1739.550;50;0.000;0.000;CP18.06.2021.21:03 #2;234;OK;451
2020.06.10 21:04:07;Signal to open;buy;1;1718.290;BigCandle;XAUUSD;buy;0.15;1718.290;50;0.000;0.000;CP18.06.2021.21:03 #1;234;OK;454
2020.06.10 21:04:07;Signal to open;sell;1;1717.710;BigCandle;XAUUSD;sell;0.15;1717.710;50;0.000;0.000;CP18.06.2021.21:03 #1;234;OK;455
2020.06.25 01:02:15;Signal to open;buy;1;1755.600;BigCandle;XAUUSD;buy;0.15;1755.600;50;0.000;0.000;CP18.06.2021.21:03 #1;234;OK;458
2020.06.25 01:02:15;Signal to open;sell;1;1751.860;BigCandle;XAUUSD;sell;0.15;1751.860;50;0.000;0.000;CP18.06.2021.21:03 #1;234;OK;459
2020.06.25 01:15:00;Signal to open;sell;2;1762.760;;XAUUSD;sell;0.18;1762.760;50;0.000;0.000;CP18.06.2021.21:03 #2;234;OK;461
2020.07.09 18:04:53;Signal to open;buy;1;1799.240;BigCandle;XAUUSD;buy;0.15;1799.240;50;0.000;0.000;CP18.06.2021.21:03 #1;234;OK;464
2020.07.09 18:04:53;Signal to open;sell;1;1798.230;BigCandle;XAUUSD;sell;0.15;1798.230;50;0.000;0.000;CP18.06.2021.21:03 #1;234;OK;465
2020.07.09 21:45:00;Signal to open;sell;2;1803.930;;XAUUSD;sell;0.18;1803.930;50;0.000;0.000;CP18.06.2021.21:03 #2;234;OK;467
2020.07.22 04:14:26;Signal to open;buy;1;1865.760;BigCandle;XAUUSD;buy;0.15;1865.760;50;0.000;0.000;CP18.06.2021.21:03 #1;234;OK;470
2020.07.22 04:14:26;Signal to open;sell;1;1864.880;BigCandle;XAUUSD;sell;0.15;1864.880;50;0.000;0.000;CP18.06.2021.21:03 #1;234;OK;471
2020.07.22 05:55:00;Signal to open;buy;2;1857.880;;XAUUSD;buy;0.18;1857.880;50;0.000;0.000;CP18.06.2021.21:03 #2;234;OK;473
2020.07.27 06:23:07;Signal to open;buy;1;1928.130;BigCandle;XAUUSD;buy;0.15;1928.130;50;0.000;0.000;CP18.06.2021.21:03 #1;234;OK;476
2020.07.27 06:23:07;Signal to open;sell;1;1926.970;BigCandle;XAUUSD;sell;0.15;1926.970;50;0.000;0.000;CP18.06.2021.21:03 #1;234;OK;477
2020.07.27 08:20:00;Signal to open;sell;2;1935.070;;XAUUSD;sell;0.18;1935.070;50;0.000;0.000;CP18.06.2021.21:03 #2;234;OK;479
2020.07.28 02:05:00;Signal to open;sell;3;1951.670;;XAUUSD;sell;0.21;1951.670;50;0.000;0.000;CP18.06.2021.21:03 #3;234;OK;480
2020.07.28 05:50:00;Signal to open;sell;4;1971.490;;XAUUSD;sell;0.25;1971.490;50;0.000;0.000;CP18.06.2021.21:03 #4;234;OK;481
2020.07.28 10:34:23;Signal to open;buy;1;1926.920;BigCandle;XAUUSD;buy;0.15;1926.920;50;0.000;0.000;CP18.06.2021.21:03 #1;234;OK;486
2020.07.28 10:34:23;Signal to open;sell;1;1926.130;BigCandle;XAUUSD;sell;0.15;1926.130;50;0.000;0.000;CP18.06.2021.21:03 #1;234;OK;487
2020.07.29 17:14:50;Signal to open;buy;1;1943.050;BigCandle;XAUUSD;buy;0.15;1943.050;50;0.000;0.000;CP18.06.2021.21:03 #1;234;OK;490
2020.07.29 17:14:50;Signal to open;sell;1;1942.580;BigCandle;XAUUSD;sell;0.15;1942.580;50;0.000;0.000;CP18.06.2021.21:03 #1;234;OK;491
2020.07.29 21:54:40;Signal to open;buy;1;1971.900;BigCandle;XAUUSD;buy;0.15;1971.900;50;0.000;0.000;CP18.06.2021.21:03 #1;234;OK;494
2020.07.29 21:54:40;Signal to open;sell;1;1970.090;BigCandle;XAUUSD;sell;0.15;1970.090;50;0.000;0.000;CP18.06.2021.21:03 #1;234;OK;495
2020.07.30 05:25:03;Signal to open;buy;2;1963.170;;XAUUSD;buy;0.18;1963.170;50;0.000;0.000;CP18.06.2021.21:03 #2;234;OK;497
2020.07.30 13:20:00;Signal to open;buy;3;1952.440;;XAUUSD;buy;0.21;1952.440;50;0.000;0.000;CP18.06.2021.21:03 #3;234;OK;498
2020.07.31 10:04:25;Signal to open;buy;1;1973.560;BigCandle;XAUUSD;buy;0.15;1973.560;50;0.000;0.000;CP18.06.2021.21:03 #1;234;OK;502
2020.07.31 10:04:25;Signal to open;sell;1;1972.800;BigCandle;XAUUSD;sell;0.15;1972.800;50;0.000;0.000;CP18.06.2021.21:03 #1;234;OK;503
2020.08.03 01:00:22;Signal to open;buy;1;1992.190;BigCandle;XAUUSD;buy;0.15;1992.190;50;0.000;0.000;CP18.06.2021.21:03 #1;234;OK;506
2020.08.03 01:00:22;Signal to open;sell;1;1990.600;BigCandle;XAUUSD;sell;0.15;1990.600;50;0.000;0.000;CP18.06.2021.21:03 #1;234;OK;507
2020.08.03 02:25:01;Signal to open;buy;2;1981.840;;XAUUSD;buy;0.18;1981.840;50;0.000;0.000;CP18.06.2021.21:03 #2;234;OK;509
2020.08.03 06:20:00;Signal to open;buy;3;1973.730;;XAUUSD;buy;0.21;1973.730;50;0.000;0.000;CP18.06.2021.21:03 #3;234;OK;510
2020.08.07 06:57:44;Signal to open;buy;1;2056.820;BigCandle;XAUUSD;buy;0.16;2056.820;50;0.000;0.000;CP18.06.2021.21:03 #1;234;OK;514
2020.08.07 06:57:44;Signal to open;sell;1;2051.190;BigCandle;XAUUSD;sell;0.16;2051.190;50;0.000;0.000;CP18.06.2021.21:03 #1;234;OK;515
2020.08.07 09:10:00;Signal to open;sell;2;2063.560;;XAUUSD;sell;0.19;2063.560;50;0.000;0.000;CP18.06.2021.21:03 #2;234;OK;517
2020.08.07 15:32:28;Signal to open;buy;1;2052.890;BigCandle;XAUUSD;buy;0.16;2052.890;50;0.000;0.000;CP18.06.2021.21:03 #1;234;OK;520
2020.08.07 15:32:28;Signal to open;sell;1;2051.790;BigCandle;XAUUSD;sell;0.16;2051.790;50;0.000;0.000;CP18.06.2021.21:03 #1;234;OK;521
2020.08.10 01:02:35;Signal to open;buy;1;2027.940;BigCandle;XAUUSD;buy;0.16;2027.940;50;0.000;0.000;CP18.06.2021.21:03 #1;234;OK;524
2020.08.10 01:02:35;Signal to open;sell;1;2022.900;BigCandle;XAUUSD;sell;0.16;2022.900;50;0.000;0.000;CP18.06.2021.21:03 #1;234;OK;525
2020.08.10 03:25:02;Signal to open;sell;2;2033.390;;XAUUSD;sell;0.19;2033.390;50;0.000;0.000;CP18.06.2021.21:03 #2;234;OK;527
2020.08.11 09:28:52;Signal to open;buy;1;1994.300;BigCandle;XAUUSD;buy;0.16;1994.300;50;0.000;0.000;CP18.06.2021.21:03 #1;234;OK;530
2020.08.11 09:28:52;Signal to open;sell;1;1993.510;BigCandle;XAUUSD;sell;0.16;1993.510;50;0.000;0.000;CP18.06.2021.21:03 #1;234;OK;531
2020.08.11 16:07:19;Signal to open;buy;1;1949.170;BigCandle;XAUUSD;buy;0.16;1949.170;50;0.000;0.000;CP18.06.2021.21:03 #1;234;OK;534
2020.08.11 16:07:19;Signal to open;sell;1;1948.270;BigCandle;XAUUSD;sell;0.16;1948.270;50;0.000;0.000;CP18.06.2021.21:03 #1;234;OK;535
2020.08.11 23:18:21;Signal to open;buy;1;1904.240;BigCandle;XAUUSD;buy;0.16;1904.240;50;0.000;0.000;CP18.06.2021.21:03 #1;234;OK;538
2020.08.11 23:18:21;Signal to open;sell;1;1903.180;BigCandle;XAUUSD;sell;0.16;1903.180;50;0.000;0.000;CP18.06.2021.21:03 #1;234;OK;539
2020.08.12 01:35:00;Signal to open;sell;2;1926.590;;XAUUSD;sell;0.19;1926.590;50;0.000;0.000;CP18.06.2021.21:03 #2;234;OK;541
2020.08.12 04:44:18;Signal to open;buy;1;1904.280;BigCandle;XAUUSD;buy;0.16;1904.280;50;0.000;0.000;CP18.06.2021.21:03 #1;234;OK;544
2020.08.12 04:44:18;Signal to open;sell;1;1902.300;BigCandle;XAUUSD;sell;0.16;1902.300;50;0.000;0.000;CP18.06.2021.21:03 #1;234;OK;545
2020.08.12 07:10:00;Signal to open;buy;2;1879.870;;XAUUSD;buy;0.19;1879.870;50;0.000;0.000;CP18.06.2021.21:03 #2;234;OK;547
2020.08.12 10:34:46;Signal to open;buy;1;1929.890;BigCandle;XAUUSD;buy;0.17;1929.890;50;0.000;0.000;CP18.06.2021.21:03 #1;234;OK;550
2020.08.12 10:34:46;Signal to open;sell;1;1929.280;BigCandle;XAUUSD;sell;0.17;1929.280;50;0.000;0.000;CP18.06.2021.21:03 #1;234;OK;551
2020.08.12 11:58:59;Signal to open;buy;1;1928.530;BigCandle;XAUUSD;buy;0.18;1928.530;50;0.000;0.000;CP18.06.2021.21:03 #1;234;OK;554
2020.08.12 11:58:59;Signal to open;sell;1;1927.680;BigCandle;XAUUSD;sell;0.18;1927.680;50;0.000;0.000;CP18.06.2021.21:03 #1;234;OK;555
2020.08.12 12:24:16;Signal to open;buy;1;1937.010;BigCandle;XAUUSD;buy;0.18;1937.010;50;0.000;0.000;CP18.06.2021.21:03 #1;234;OK;558
2020.08.12 12:24:16;Signal to open;sell;1;1936.090;BigCandle;XAUUSD;sell;0.18;1936.090;50;0.000;0.000;CP18.06.2021.21:03 #1;234;OK;559
2020.08.13 21:21:33;Signal to open;buy;1;1939.700;BigCandle;XAUUSD;buy;0.18;1939.700;50;0.000;0.000;CP18.06.2021.21:03 #1;234;OK;562
2020.08.13 21:21:33;Signal to open;sell;1;1938.300;BigCandle;XAUUSD;sell;0.18;1938.300;50;0.000;0.000;CP18.06.2021.21:03 #1;234;OK;563
2020.08.13 23:30:00;Signal to open;sell;2;1952.140;;XAUUSD;sell;0.21;1952.140;50;0.000;0.000;CP18.06.2021.21:03 #2;234;OK;565
2020.08.18 17:07:23;Signal to open;buy;1;1996.850;BigCandle;XAUUSD;buy;0.18;1996.850;50;0.000;0.000;CP18.06.2021.21:03 #1;234;OK;568
2020.08.18 17:07:23;Signal to open;sell;1;1995.810;BigCandle;XAUUSD;sell;0.18;1995.810;50;0.000;0.000;CP18.06.2021.21:03 #1;234;OK;569
2020.08.19 17:58:27;Signal to open;buy;1;1961.890;BigCandle;XAUUSD;buy;0.18;1961.890;50;0.000;0.000;CP18.06.2021.21:03 #1;234;OK;572
2020.08.19 17:58:27;Signal to open;sell;1;1961.320;BigCandle;XAUUSD;sell;0.18;1961.320;50;0.000;0.000;CP18.06.2021.21:03 #1;234;OK;573
2020.08.19 21:08:00;Signal to open;buy;1;1959.380;BigCandle;XAUUSD;buy;0.18;1959.380;50;0.000;0.000;CP18.06.2021.21:03 #1;234;OK;576
2020.08.19 21:08:00;Signal to open;sell;1;1958.900;BigCandle;XAUUSD;sell;0.18;1958.900;50;0.000;0.000;CP18.06.2021.21:03 #1;234;OK;577
2020.08.19 23:10:00;Signal to open;buy;2;1938.990;;XAUUSD;buy;0.21;1938.990;50;0.000;0.000;CP18.06.2021.21:03 #2;234;OK;579
2020.08.27 16:07:21;Signal to open;buy;1;1952.430;BigCandle;XAUUSD;buy;0.18;1952.430;50;0.000;0.000;CP18.06.2021.21:03 #1;234;OK;582
2020.08.27 16:07:21;Signal to open;sell;1;1950.760;BigCandle;XAUUSD;sell;0.18;1950.760;50;0.000;0.000;CP18.06.2021.21:03 #1;234;OK;583
2020.08.27 16:39:25;Signal to open;sell;1;1947.420;BigCandle;XAUUSD;sell;0.18;1947.420;50;0.000;0.000;CP18.06.2021.21:03 #1;234;OK;586
2020.09.01 17:01:59;Signal to open;buy;1;1972.580;BigCandle;XAUUSD;buy;0.18;1972.580;50;0.000;0.000;CP18.06.2021.21:03 #1;234;OK;588
2020.09.01 17:01:59;Signal to open;sell;1;1971.680;BigCandle;XAUUSD;sell;0.18;1971.680;50;0.000;0.000;CP18.06.2021.21:03 #1;234;OK;589
2020.09.04 15:30:20;Signal to open;buy;1;1937.440;BigCandle;XAUUSD;buy;0.18;1937.440;50;0.000;0.000;CP18.06.2021.21:03 #1;234;OK;592
2020.09.04 15:30:20;Signal to open;sell;1;1936.520;BigCandle;XAUUSD;sell;0.18;1936.520;50;0.000;0.000;CP18.06.2021.21:03 #1;234;OK;593
2020.09.04 18:55:00;Signal to open;buy;2;1919.980;;XAUUSD;buy;0.21;1919.980;50;0.000;0.000;CP18.06.2021.21:03 #2;234;OK;595
2020.09.16 21:02:03;Signal to open;buy;1;1969.680;BigCandle;XAUUSD;buy;0.18;1969.680;50;0.000;0.000;CP18.06.2021.21:03 #1;234;OK;598
2020.09.16 21:02:03;Signal to open;sell;1;1969.130;BigCandle;XAUUSD;sell;0.18;1969.130;50;0.000;0.000;CP18.06.2021.21:03 #1;234;OK;599
2020.09.21 17:22:12;Signal to open;buy;1;1900.310;BigCandle;XAUUSD;buy;0.18;1900.310;50;0.000;0.000;CP18.06.2021.21:03 #1;234;OK;602
2020.09.21 17:22:12;Signal to open;sell;1;1899.880;BigCandle;XAUUSD;sell;0.18;1899.880;50;0.000;0.000;CP18.06.2021.21:03 #1;234;OK;603
2020.09.21 18:17:30;Signal to open;buy;1;1887.470;BigCandle;XAUUSD;buy;0.18;1887.470;50;0.000;0.000;CP18.06.2021.21:03 #1;234;OK;606
2020.09.21 18:17:30;Signal to open;sell;1;1887.080;BigCandle;XAUUSD;sell;0.18;1887.080;50;0.000;0.000;CP18.06.2021.21:03 #1;234;OK;607
2020.11.04 03:00:06;Signal to open;buy;1;1884.170;BigCandle;XAUUSD;buy;0.18;1884.170;50;0.000;0.000;CP18.06.2021.21:03 #1;234;OK;610
2020.11.04 03:00:06;Signal to open;sell;1;1880.680;BigCandle;XAUUSD;sell;0.18;1880.680;50;0.000;0.000;CP18.06.2021.21:03 #1;234;OK;611
2020.11.04 04:15:00;Signal to open;sell;2;1903.600;;XAUUSD;sell;0.21;1903.600;50;0.000;0.000;CP18.06.2021.21:03 #2;234;OK;613
2020.11.09 13:47:36;Signal to open;buy;1;1947.330;BigCandle;XAUUSD;buy;0.18;1947.330;50;0.000;0.000;CP18.06.2021.21:03 #1;234;OK;616
2020.11.09 13:47:36;Signal to open;sell;1;1946.880;BigCandle;XAUUSD;sell;0.18;1946.880;50;0.000;0.000;CP18.06.2021.21:03 #1;234;OK;617
2020.11.09 15:12:51;Signal to open;buy;1;1893.730;BigCandle;XAUUSD;buy;0.19;1893.730;50;0.000;0.000;CP18.06.2021.21:03 #1;234;OK;620
2020.11.09 15:12:51;Signal to open;sell;1;1892.980;BigCandle;XAUUSD;sell;0.19;1892.980;50;0.000;0.000;CP18.06.2021.21:03 #1;234;OK;621
2020.11.09 16:57:23;Signal to open;buy;1;1859.950;BigCandle;XAUUSD;buy;0.19;1859.950;50;0.000;0.000;CP18.06.2021.21:03 #1;234;OK;624
2020.11.09 16:57:23;Signal to open;sell;1;1859.650;BigCandle;XAUUSD;sell;0.19;1859.650;50;0.000;0.000;CP18.06.2021.21:03 #1;234;OK;625
2020.11.16 13:53:06;Signal to open;buy;1;1882.970;BigCandle;XAUUSD;buy;0.19;1882.970;50;0.000;0.000;CP18.06.2021.21:03 #1;234;OK;628
2020.11.16 13:53:06;Signal to open;sell;1;1882.350;BigCandle;XAUUSD;sell;0.19;1882.350;50;0.000;0.000;CP18.06.2021.21:03 #1;234;OK;629
2020.11.23 16:49:21;Signal to open;buy;1;1856.480;BigCandle;XAUUSD;buy;0.19;1856.480;50;0.000;0.000;CP18.06.2021.21:03 #1;234;OK;632
2020.11.23 16:49:21;Signal to open;sell;1;1856.020;BigCandle;XAUUSD;sell;0.19;1856.020;50;0.000;0.000;CP18.06.2021.21:03 #1;234;OK;633
2020.11.23 16:52:09;Signal to open;sell;1;1846.470;BigCandle;XAUUSD;sell;0.19;1846.470;50;0.000;0.000;CP18.06.2021.21:03 #1;234;OK;636
2020.11.27 15:13:03;Signal to open;buy;1;1793.940;BigCandle;XAUUSD;buy;0.19;1793.940;50;0.000;0.000;CP18.06.2021.21:03 #1;234;OK;638
2020.11.27 15:13:03;Signal to open;sell;1;1793.180;BigCandle;XAUUSD;sell;0.19;1793.180;50;0.000;0.000;CP18.06.2021.21:03 #1;234;OK;639
2020.12.04 15:33:14;Signal to open;buy;1;1838.020;BigCandle;XAUUSD;buy;0.20;1838.020;50;0.000;0.000;CP18.06.2021.21:03 #1;234;OK;642
2020.12.04 15:33:14;Signal to open;sell;1;1837.420;BigCandle;XAUUSD;sell;0.20;1837.420;50;0.000;0.000;CP18.06.2021.21:03 #1;234;OK;643
2020.12.07 10:32:03;Signal to open;buy;1;1823.510;BigCandle;XAUUSD;buy;0.20;1823.510;50;0.000;0.000;CP18.06.2021.21:03 #1;234;OK;646
2020.12.07 10:32:03;Signal to open;sell;1;1822.730;BigCandle;XAUUSD;sell;0.20;1822.730;50;0.000;0.000;CP18.06.2021.21:03 #1;234;OK;647
2020.12.07 12:15:00;Signal to open;sell;2;1832.440;;XAUUSD;sell;0.24;1832.440;50;0.000;0.000;CP18.06.2021.21:03 #2;234;OK;649
2020.12.07 16:40:00;Signal to open;sell;3;1845.290;;XAUUSD;sell;0.28;1845.290;50;0.000;0.000;CP18.06.2021.21:03 #3;234;OK;650
2020.12.07 18:05:00;Signal to open;sell;4;1865.390;;XAUUSD;sell;0.34;1865.390;50;0.000;0.000;CP18.06.2021.21:03 #4;234;OK;651
2020.12.08 21:25:00;Signal to open;sell;5;1872.980;;XAUUSD;sell;0.41;1872.980;50;0.000;0.000;CP18.06.2021.21:03 #5;234;OK;652
2020.12.21 11:47:00;Signal to open;buy;1;1885.380;BigCandle;XAUUSD;buy;0.21;1885.380;50;0.000;0.000;CP18.06.2021.21:03 #1;234;OK;658
2020.12.21 11:47:00;Signal to open;sell;1;1884.600;BigCandle;XAUUSD;sell;0.21;1884.600;50;0.000;0.000;CP18.06.2021.21:03 #1;234;OK;659
2021.01.06 14:43:36;Signal to open;buy;1;1935.010;BigCandle;XAUUSD;buy;0.22;1935.010;50;0.000;0.000;CP18.06.2021.21:03 #1;234;OK;662
2021.01.06 14:43:36;Signal to open;sell;1;1934.050;BigCandle;XAUUSD;sell;0.22;1934.050;50;0.000;0.000;CP18.06.2021.21:03 #1;234;OK;663
2021.01.08 10:00:22;Signal to open;buy;1;1890.580;BigCandle;XAUUSD;buy;0.22;1890.580;50;0.000;0.000;CP18.06.2021.21:03 #1;234;OK;666
2021.01.08 10:00:22;Signal to open;sell;1;1889.540;BigCandle;XAUUSD;sell;0.22;1889.540;50;0.000;0.000;CP18.06.2021.21:03 #1;234;OK;667
2021.01.08 19:27:30;Signal to open;buy;1;1843.340;BigCandle;XAUUSD;buy;0.22;1843.340;50;0.000;0.000;CP18.06.2021.21:03 #1;234;OK;670
2021.01.08 19:27:30;Signal to open;sell;1;1842.970;BigCandle;XAUUSD;sell;0.22;1842.970;50;0.000;0.000;CP18.06.2021.21:03 #1;234;OK;671
2021.01.11 01:03:36;Signal to open;buy;1;1856.780;BigCandle;XAUUSD;buy;0.22;1856.780;50;0.000;0.000;CP18.06.2021.21:03 #1;234;OK;674
2021.01.11 01:03:36;Signal to open;sell;1;1855.460;BigCandle;XAUUSD;sell;0.22;1855.460;50;0.000;0.000;CP18.06.2021.21:03 #1;234;OK;675
2021.01.11 02:30:00;Signal to open;buy;2;1843.330;;XAUUSD;buy;0.26;1843.330;50;0.000;0.000;CP18.06.2021.21:03 #2;234;OK;677
2021.01.11 06:15:00;Signal to open;buy;3;1828.320;;XAUUSD;buy;0.31;1828.320;50;0.000;0.000;CP18.06.2021.21:03 #3;234;OK;678
2021.01.14 04:31:15;Signal to open;buy;1;1836.230;BigCandle;XAUUSD;buy;0.22;1836.230;50;0.000;0.000;CP18.06.2021.21:03 #1;234;OK;682
2021.01.14 04:31:15;Signal to open;sell;1;1828.020;BigCandle;XAUUSD;sell;0.22;1828.020;50;0.000;0.000;CP18.06.2021.21:03 #1;234;OK;683
2021.01.14 05:55:00;Signal to open;sell;2;1839.030;;XAUUSD;sell;0.26;1839.030;50;0.000;0.000;CP18.06.2021.21:03 #2;234;OK;685
2021.01.14 19:15:00;Signal to open;sell;3;1848.240;;XAUUSD;sell;0.31;1848.240;50;0.000;0.000;CP18.06.2021.21:03 #3;234;OK;686
2021.01.18 01:35:42;Signal to open;buy;1;1805.510;BigCandle;XAUUSD;buy;0.22;1805.510;50;0.000;0.000;CP18.06.2021.21:03 #1;234;OK;690
2021.01.18 01:35:42;Signal to open;sell;1;1803.300;BigCandle;XAUUSD;sell;0.22;1803.300;50;0.000;0.000;CP18.06.2021.21:03 #1;234;OK;691
2021.01.18 02:50:00;Signal to open;sell;2;1819.790;;XAUUSD;sell;0.26;1819.790;50;0.000;0.000;CP18.06.2021.21:03 #2;234;OK;693
2021.01.18 05:50:00;Signal to open;sell;3;1827.130;;XAUUSD;sell;0.31;1827.130;50;0.000;0.000;CP18.06.2021.21:03 #3;234;OK;694
2021.01.18 13:15:00;Signal to open;sell;4;1837.120;;XAUUSD;sell;0.38;1837.120;50;0.000;0.000;CP18.06.2021.21:03 #4;234;OK;695
2021.01.20 04:20:03;Signal to open;sell;5;1847.290;;XAUUSD;sell;0.45;1847.290;50;0.000;0.000;CP18.06.2021.21:03 #5;234;OK;696
2021.01.20 11:20:00;Signal to open;sell;6;1857.020;;XAUUSD;sell;0.54;1857.020;50;0.000;0.000;CP18.06.2021.21:03 #6;234;OK;697
2021.01.20 21:45:00;Signal to open;sell;7;1867.760;;XAUUSD;sell;0.65;1867.760;50;0.000;0.000;CP18.06.2021.21:03 #7;234;OK;698
2021.01.29 16:29:25;Signal to open;buy;1;1863.930;BigCandle;XAUUSD;buy;0.23;1863.930;50;0.000;0.000;CP18.06.2021.21:03 #1;234;OK;706
2021.01.29 16:29:25;Signal to open;sell;1;1863.380;BigCandle;XAUUSD;sell;0.23;1863.380;50;0.000;0.000;CP18.06.2021.21:03 #1;234;OK;707
2021.02.01 01:01:33;Signal to open;buy;1;1859.020;BigCandle;XAUUSD;buy;0.23;1859.020;50;0.000;0.000;CP18.06.2021.21:03 #1;234;OK;710
2021.02.01 01:01:33;Signal to open;sell;1;1856.400;BigCandle;XAUUSD;sell;0.23;1856.400;50;0.000;0.000;CP18.06.2021.21:03 #1;234;OK;711
2021.02.04 16:04:27;Signal to open;buy;1;1798.670;BigCandle;XAUUSD;buy;0.23;1798.670;50;0.000;0.000;CP18.06.2021.21:03 #1;234;OK;714
2021.02.04 16:04:27;Signal to open;sell;1;1798.270;BigCandle;XAUUSD;sell;0.23;1798.270;50;0.000;0.000;CP18.06.2021.21:03 #1;234;OK;715
2021.02.10 15:33:41;Signal to open;buy;1;1852.630;BigCandle;XAUUSD;buy;0.23;1852.630;50;0.000;0.000;CP18.06.2021.21:03 #1;234;OK;718
2021.02.10 15:33:41;Signal to open;sell;1;1852.170;BigCandle;XAUUSD;sell;0.23;1852.170;50;0.000;0.000;CP18.06.2021.21:03 #1;234;OK;719
2021.02.19 15:59:21;Signal to open;buy;1;1783.310;BigCandle;XAUUSD;buy;0.23;1783.310;50;0.000;0.000;CP18.06.2021.21:03 #1;234;OK;722
2021.02.19 15:59:21;Signal to open;sell;1;1782.800;BigCandle;XAUUSD;sell;0.23;1782.800;50;0.000;0.000;CP18.06.2021.21:03 #1;234;OK;723
2021.02.25 20:02:28;Signal to open;buy;1;1765.700;BigCandle;XAUUSD;buy;0.23;1765.700;50;0.000;0.000;CP18.06.2021.21:03 #1;234;OK;726
2021.02.25 20:02:28;Signal to open;sell;1;1765.140;BigCandle;XAUUSD;sell;0.23;1765.140;50;0.000;0.000;CP18.06.2021.21:03 #1;234;OK;727
2021.02.26 04:25:00;Signal to open;sell;2;1772.890;;XAUUSD;sell;0.27;1772.890;50;0.000;0.000;CP18.06.2021.21:03 #2;234;OK;729
2021.02.26 07:31:52;Signal to open;buy;1;1759.490;BigCandle;XAUUSD;buy;0.23;1759.490;50;0.000;0.000;CP18.06.2021.21:03 #1;234;OK;732
2021.02.26 07:31:52;Signal to open;sell;1;1758.060;BigCandle;XAUUSD;sell;0.23;1758.060;50;0.000;0.000;CP18.06.2021.21:03 #1;234;OK;733
2021.03.10 15:34:53;Signal to open;buy;1;1722.770;BigCandle;XAUUSD;buy;0.23;1722.770;50;0.000;0.000;CP18.06.2021.21:03 #1;234;OK;736
2021.03.10 15:34:53;Signal to open;sell;1;1722.410;BigCandle;XAUUSD;sell;0.23;1722.410;50;0.000;0.000;CP18.06.2021.21:03 #1;234;OK;737
2021.05.04 18:12:52;Signal to open;buy;1;1784.740;BigCandle;XAUUSD;buy;0.23;1784.740;50;0.000;0.000;CP18.06.2021.21:03 #1;234;OK;740
2021.05.04 18:12:52;Signal to open;sell;1;1784.430;BigCandle;XAUUSD;sell;0.23;1784.430;50;0.000;0.000;CP18.06.2021.21:03 #1;234;OK;741
2021.05.06 16:38:37;Signal to open;buy;1;1807.160;BigCandle;XAUUSD;buy;0.23;1807.160;50;0.000;0.000;CP18.06.2021.21:03 #1;234;OK;744
2021.05.06 16:38:37;Signal to open;sell;1;1806.760;BigCandle;XAUUSD;sell;0.23;1806.760;50;0.000;0.000;CP18.06.2021.21:03 #1;234;OK;745
2021.05.07 15:30:51;Signal to open;buy;1;1828.820;BigCandle;XAUUSD;buy;0.23;1828.820;50;0.000;0.000;CP18.06.2021.21:03 #1;234;OK;748
2021.05.07 15:30:51;Signal to open;sell;1;1828.430;BigCandle;XAUUSD;sell;0.23;1828.430;50;0.000;0.000;CP18.06.2021.21:03 #1;234;OK;749
2021.05.12 15:30:51;Signal to open;buy;1;1823.370;BigCandle;XAUUSD;buy;0.24;1823.370;50;0.000;0.000;CP18.06.2021.21:03 #1;234;OK;752
2021.05.12 15:30:51;Signal to open;sell;1;1822.990;BigCandle;XAUUSD;sell;0.24;1822.990;50;0.000;0.000;CP18.06.2021.21:03 #1;234;OK;753
2021.05.12 15:55:00;Signal to open;sell;2;1840.450;;XAUUSD;sell;0.28;1840.450;50;0.000;0.000;CP18.06.2021.21:03 #2;234;OK;755
2021.05.19 16:04:35;Signal to open;buy;1;1866.280;BigCandle;XAUUSD;buy;0.24;1866.280;50;0.000;0.000;CP18.06.2021.21:03 #1;234;OK;758
2021.05.19 16:04:35;Signal to open;sell;1;1865.940;BigCandle;XAUUSD;sell;0.24;1865.940;50;0.000;0.000;CP18.06.2021.21:03 #1;234;OK;759
2021.05.19 16:39:36;Signal to open;buy;1;1880.350;BigCandle;XAUUSD;buy;0.24;1880.350;50;0.000;0.000;CP18.06.2021.21:03 #1;234;OK;762
2021.05.19 16:39:36;Signal to open;sell;1;1879.970;BigCandle;XAUUSD;sell;0.24;1879.970;50;0.000;0.000;CP18.06.2021.21:03 #1;234;OK;763
2021.05.25 17:04:46;Signal to open;buy;1;1894.540;BigCandle;XAUUSD;buy;0.24;1894.540;50;0.000;0.000;CP18.06.2021.21:03 #1;234;OK;766
2021.05.25 17:04:46;Signal to open;sell;1;1894.210;BigCandle;XAUUSD;sell;0.24;1894.210;50;0.000;0.000;CP18.06.2021.21:03 #1;234;OK;767
2021.06.01 17:04:22;Signal to open;buy;1;1899.220;BigCandle;XAUUSD;buy;0.24;1899.220;50;0.000;0.000;CP18.06.2021.21:03 #1;234;OK;770
2021.06.01 17:04:22;Signal to open;sell;1;1898.780;BigCandle;XAUUSD;sell;0.24;1898.780;50;0.000;0.000;CP18.06.2021.21:03 #1;234;OK;771
2021.06.04 04:56:23;Signal to open;buy;1;1856.630;BigCandle;XAUUSD;buy;0.24;1856.630;50;0.000;0.000;CP18.06.2021.21:03 #1;234;OK;774
2021.06.04 04:56:23;Signal to open;sell;1;1852.140;BigCandle;XAUUSD;sell;0.24;1852.140;50;0.000;0.000;CP18.06.2021.21:03 #1;234;OK;775
2021.06.04 05:50:00;Signal to open;sell;2;1866.160;;XAUUSD;sell;0.28;1866.160;50;0.000;0.000;CP18.06.2021.21:03 #2;234;OK;777
2021.06.04 08:25:00;Signal to open;sell;3;1869.880;;XAUUSD;sell;0.34;1869.880;50;0.000;0.000;CP18.06.2021.21:03 #3;234;OK;778
2021.06.04 16:55:00;Signal to open;sell;4;1890.550;;XAUUSD;sell;0.41;1890.550;50;0.000;0.000;CP18.06.2021.21:03 #4;234;OK;779
2021.06.07 21:05:00;Signal to open;sell;5;1898.460;;XAUUSD;sell;0.49;1898.460;50;0.000;0.000;CP18.06.2021.21:03 #5;234;OK;780
2021.06.10 15:34:13;Signal to open;buy;1;1880.240;BigCandle;XAUUSD;buy;0.24;1880.240;50;0.000;0.000;CP18.06.2021.21:03 #1;234;OK;786
2021.06.10 15:34:13;Signal to open;sell;1;1879.890;BigCandle;XAUUSD;sell;0.24;1879.890;50;0.000;0.000;CP18.06.2021.21:03 #1;234;OK;787
2021.06.10 18:10:00;Signal to open;sell;2;1890.950;;XAUUSD;sell;0.28;1890.950;50;0.000;0.000;CP18.06.2021.21:03 #2;234;OK;789
2021.06.10 21:30:00;Signal to open;sell;3;1895.080;;XAUUSD;sell;0.34;1895.080;50;0.000;0.000;CP18.06.2021.21:03 #3;234;OK;790
2021.06.10 23:50:05;Signal to open;sell;4;1899.760;;XAUUSD;sell;0.41;1899.760;50;0.000;0.000;CP18.06.2021.21:03 #4;234;OK;791
2021.06.16 21:00:31;Signal to open;buy;1;1850.950;BigCandle;XAUUSD;buy;0.24;1850.950;50;0.000;0.000;CP18.06.2021.21:03 #1;234;OK;796
2021.06.16 21:00:31;Signal to open;sell;1;1850.160;BigCandle;XAUUSD;sell;0.24;1850.160;50;0.000;0.000;CP18.06.2021.21:03 #1;234;OK;797
2021.06.16 23:42:46;Signal to open;buy;1;1810.790;BigCandle;XAUUSD;buy;0.24;1810.790;50;0.000;0.000;CP18.06.2021.21:03 #1;234;OK;800
2021.06.16 23:42:46;Signal to open;sell;1;1810.220;BigCandle;XAUUSD;sell;0.24;1810.220;50;0.000;0.000;CP18.06.2021.21:03 #1;234;OK;801
2021.06.17 02:30:00;Signal to open;sell;2;1818.350;;XAUUSD;sell;0.28;1818.350;50;0.000;0.000;CP18.06.2021.21:03 #2;234;OK;803
2021.06.17 06:40:00;Signal to open;sell;3;1823.660;;XAUUSD;sell;0.34;1823.660;50;0.000;0.000;CP18.06.2021.21:03 #3;234;OK;804
2021.06.17 15:24:35;Signal to open;buy;1;1776.800;BigCandle;XAUUSD;buy;0.24;1776.800;50;0.000;0.000;CP18.06.2021.21:03 #1;234;OK;808
2021.06.17 15:24:35;Signal to open;sell;1;1776.290;BigCandle;XAUUSD;sell;0.24;1776.290;50;0.000;0.000;CP18.06.2021.21:03 #1;234;OK;809
